<ImportExportXml version="8.1.0000.0359" SolutionPackageVersion="8.0" languagecode="1033" generatedBy="OnPremise" xmlns:xsi="http://www.w3.org/2001/XMLSchema-instance">
  <SolutionManifest>
    <UniqueName>crmexchangesync</UniqueName>
    <LocalizedNames>
      <LocalizedName description="CRMExchangeSync" languagecode="1033" />
    </LocalizedNames>
    <Descriptions>
      <Description description="ExchangeSync for Microsoft Dynamics CRM 2016/365&#xA;Note: To be used with Exchange Sync 2018.1 or above only&#xA;&#xA;Updates include:&#xA;- Addition o Change Tracking Operation Entity&#xA;- Removal of User Job Rule Entity (Deprecated)&#xA;- Addition of Custom Workflow Activity to get Id of Current Record&#xA;- Addition of Workflow Pre-Delete on Contact Entity&#xA;- Addition of Workflow SetState on Contact Entity&#xA;- Addition of Workflow Pre-Delete on Account Entity (Draft)&#xA;- Addition of Workflow SetState on Account Entity (Draft)&#xA;- Addition of Workflow Pre-Delete on List Entity (Draft)&#xA;- Addition of Workflow SetState on List Entity (Draft)" languagecode="1033" />
    </Descriptions>
    <Version>5.1.18.0624</Version>
    <Managed>1</Managed>
    <ConfigurationPage>xrm_configuration</ConfigurationPage>
    <Publisher>
      <UniqueName>briteglobal</UniqueName>
      <LocalizedNames>
        <LocalizedName description="Brite Global CRM" languagecode="1033" />
      </LocalizedNames>
      <Descriptions>
        <Description description="Brite Global is a premier Microsoft Dynamics CRM consulting firm specializing in the deployment and implementation of Microsoft Dynamics CRM and Custom Software solutions for companies of all sizes." languagecode="1033" />
      </Descriptions>
      <EMailAddress>crmsales@briteglobal.com</EMailAddress>
      <SupportingWebsiteUrl>http://www.briteglobal.com</SupportingWebsiteUrl>
      <CustomizationPrefix>xrm</CustomizationPrefix>
      <CustomizationOptionValuePrefix>10000</CustomizationOptionValuePrefix>
      <Addresses>
        <Address>
          <AddressNumber>1</AddressNumber>
          <AddressTypeCode>1</AddressTypeCode>
          <City>Beverly Hills</City>
          <County xsi:nil="true"></County>
          <Country>USA</Country>
          <Fax xsi:nil="true"></Fax>
          <FreightTermsCode xsi:nil="true"></FreightTermsCode>
          <ImportSequenceNumber xsi:nil="true"></ImportSequenceNumber>
          <Latitude xsi:nil="true"></Latitude>
          <Line1>269 South Beverly Drive</Line1>
          <Line2>Suite 115</Line2>
          <Line3 xsi:nil="true"></Line3>
          <Longitude xsi:nil="true"></Longitude>
          <Name xsi:nil="true"></Name>
          <PostalCode>90212</PostalCode>
          <PostOfficeBox xsi:nil="true"></PostOfficeBox>
          <PrimaryContactName xsi:nil="true"></PrimaryContactName>
          <ShippingMethodCode>1</ShippingMethodCode>
          <StateOrProvince>CA</StateOrProvince>
          <Telephone1>(855) CRM-2011</Telephone1>
          <Telephone2 xsi:nil="true"></Telephone2>
          <Telephone3 xsi:nil="true"></Telephone3>
          <TimeZoneRuleVersionNumber xsi:nil="true"></TimeZoneRuleVersionNumber>
          <UPSZone xsi:nil="true"></UPSZone>
          <UTCOffset xsi:nil="true"></UTCOffset>
          <UTCConversionTimeZoneCode xsi:nil="true"></UTCConversionTimeZoneCode>
        </Address>
        <Address>
          <AddressNumber>2</AddressNumber>
          <AddressTypeCode>1</AddressTypeCode>
          <City xsi:nil="true"></City>
          <County xsi:nil="true"></County>
          <Country xsi:nil="true"></Country>
          <Fax xsi:nil="true"></Fax>
          <FreightTermsCode xsi:nil="true"></FreightTermsCode>
          <ImportSequenceNumber xsi:nil="true"></ImportSequenceNumber>
          <Latitude xsi:nil="true"></Latitude>
          <Line1 xsi:nil="true"></Line1>
          <Line2 xsi:nil="true"></Line2>
          <Line3 xsi:nil="true"></Line3>
          <Longitude xsi:nil="true"></Longitude>
          <Name xsi:nil="true"></Name>
          <PostalCode xsi:nil="true"></PostalCode>
          <PostOfficeBox xsi:nil="true"></PostOfficeBox>
          <PrimaryContactName xsi:nil="true"></PrimaryContactName>
          <ShippingMethodCode>1</ShippingMethodCode>
          <StateOrProvince xsi:nil="true"></StateOrProvince>
          <Telephone1 xsi:nil="true"></Telephone1>
          <Telephone2 xsi:nil="true"></Telephone2>
          <Telephone3 xsi:nil="true"></Telephone3>
          <TimeZoneRuleVersionNumber xsi:nil="true"></TimeZoneRuleVersionNumber>
          <UPSZone xsi:nil="true"></UPSZone>
          <UTCOffset xsi:nil="true"></UTCOffset>
          <UTCConversionTimeZoneCode xsi:nil="true"></UTCConversionTimeZoneCode>
        </Address>
      </Addresses>
    </Publisher>
    <RootComponents>
      <RootComponent type="1" schemaName="contact" behavior="1" />
      <RootComponent type="1" schemaName="xrm_appsettings" behavior="0" />
      <RootComponent type="1" schemaName="xrm_changetrackingoperation" behavior="0" />
      <RootComponent type="1" schemaName="xrm_fieldmapping" behavior="0" />
      <RootComponent type="1" schemaName="xrm_intersect" behavior="0" />
      <RootComponent type="1" schemaName="xrm_synclist" behavior="0" />
      <RootComponent type="1" schemaName="xrm_userjob" behavior="0" />
      <RootComponent type="9" schemaName="xrm_category" behavior="0" />
      <RootComponent type="9" schemaName="xrm_dayofweek" behavior="0" />
      <RootComponent type="9" schemaName="xrm_fieldtype" behavior="0" />
      <RootComponent type="9" schemaName="xrm_periodofday" behavior="0" />
      <RootComponent type="9" schemaName="xrm_syncobjecttypecode" behavior="0" />
      <RootComponent type="9" schemaName="xrm_timeofday" behavior="0" />
      <RootComponent type="9" schemaName="xrm_userjobtype" behavior="0" />
      <RootComponent type="20" id="{144ab64e-33e3-e211-bd88-00155d01c90f}" behavior="0" />
      <RootComponent type="29" id="{135e5b95-c043-4518-af1f-e17f9230a6ed}" behavior="0" />
      <RootComponent type="29" id="{ac1a25e3-2bf1-4a84-94cc-c93bc498434b}" behavior="0" />
      <RootComponent type="60" id="{031b6e1e-e59d-4c1d-8850-1a40f88d5018}" behavior="0" />
      <RootComponent type="60" id="{1d22fdd1-a1b0-44ce-a372-dd1747c92812}" behavior="0" />
      <RootComponent type="60" id="{7d606a88-98d3-47f4-9f30-b8e152def5c2}" behavior="0" />
      <RootComponent type="60" id="{9c4f89bb-8158-4211-bbb5-3f66678f2e4f}" behavior="0" />
      <RootComponent type="61" schemaName="xrm_configuration" behavior="0" />
      <RootComponent type="61" schemaName="xrm_exchangesynclogo" behavior="0" />
      <RootComponent type="61" schemaName="xrm_icoappsetting16" behavior="0" />
      <RootComponent type="61" schemaName="xrm_icoappsetting32" behavior="0" />
      <RootComponent type="61" schemaName="xrm_icofieldmapping16" behavior="0" />
      <RootComponent type="61" schemaName="xrm_icofieldmapping32" behavior="0" />
      <RootComponent type="61" schemaName="xrm_icouserjob16" behavior="0" />
      <RootComponent type="61" schemaName="xrm_icouserjob32" behavior="0" />
      <RootComponent type="61" schemaName="xrm_icouserjobrule16" behavior="0" />
      <RootComponent type="61" schemaName="xrm_icouserjobrule32" behavior="0" />
      <RootComponent type="61" schemaName="xrm_intersect16" behavior="0" />
      <RootComponent type="61" schemaName="xrm_jslist" behavior="0" />
      <RootComponent type="61" schemaName="xrm_json2" behavior="0" />
      <RootComponent type="61" schemaName="xrm_jsuserjobrule" behavior="0" />
      <RootComponent type="61" schemaName="xrm_userjoblist16" behavior="0" />
      <RootComponent type="62" behavior="0" />
      <RootComponent type="70" id="{5cd47f8d-108c-e211-8c89-00155d01c915}" behavior="0" />
      <RootComponent type="91" schemaName="ExchangeSync.WorkflowTools, Version=1.0.0.0, Culture=neutral, PublicKeyToken=e66d911da3bb9480" behavior="0" />
    </RootComponents>
    <MissingDependencies>
      <MissingDependency>
        <Required key="0" type="1" schemaName="msdyn_postconfig" displayName="Post Configuration" solution="ActivityFeedsCore (8.1.0.0)" />
        <Dependent key="1" type="62" id="{17cb27d9-3dc9-e511-80b4-00155d019711}" />
      </MissingDependency>
      <MissingDependency>
        <Required key="2" type="1" schemaName="msdyn_postruleconfig" displayName="Post Rule Configuration" solution="ActivityFeedsCore (8.1.0.0)" />
        <Dependent key="1" type="62" id="{17cb27d9-3dc9-e511-80b4-00155d019711}" />
      </MissingDependency>
      <MissingDependency>
        <Required key="3" type="61" schemaName="msdyn_/PersonalWall.htm" displayName="msdyn_/PersonalWall.htm" solution="ActivityFeedsCore (8.1.0.0)" />
        <Dependent key="1" type="62" id="{17cb27d9-3dc9-e511-80b4-00155d019711}" />
      </MissingDependency>
      <MissingDependency>
        <Required key="4" type="61" schemaName="msdyn_/Images/Wall_16.png" displayName="msdyn_/Images/Wall_16.png" solution="ActivityFeedsCore (8.1.0.0)" />
        <Dependent key="1" type="62" id="{17cb27d9-3dc9-e511-80b4-00155d019711}" />
      </MissingDependency>
    </MissingDependencies>
  </SolutionManifest>
</ImportExportXml>