<Components xmlns:xsd="http://www.w3.org/2001/XMLSchema" xmlns:xsi="http://www.w3.org/2001/XMLSchema-instance" xmlns="http://schemas.microsoft.com/crm/2009/"><Component><Id>17cb27d9-3dc9-e511-80b4-00155d019711</Id><Name>Site Map</Name><ComponentType>62</ComponentType><TypeName /><Action>Edit</Action><Comments><Comment>Edited to remove the required components with higher version</Comment><Comment>The Sitemap Group Application hasn't been added to the solution because it contains components , which won't work in earlier versions of CRM.</Comment><Comment>The Sitemap SubArea nav_syncerror hasn't been added to the solution because it contains components , which won't work in earlier versions of CRM.</Comment></Comments></Component><Component><Id>67cb23fc-f521-45fe-9e85-d7fb82097f0f</Id><Name>Last On Hold Time</Name><ComponentType>2</ComponentType><TypeName>Attribute</TypeName><ParentEntity>Contact</ParentEntity><Action>Remove</Action><Comments><Comment>The Attribute Last On Hold Time hasn't been added to the solution because it's a new Attribute, or it contains components that won't work in earlier versions of CRM. 
    </Comment></Comments></Component><Component><Id>589d672c-d005-4623-98dc-932ddf7f8915</Id><Name>SLA</Name><ComponentType>2</ComponentType><TypeName>Attribute</TypeName><ParentEntity>Contact</ParentEntity><Action>Remove</Action><Comments><Comment>The Attribute SLA hasn't been added to the solution because it's a new Attribute, or it contains components that won't work in earlier versions of CRM. 
    </Comment></Comments></Component><Component><Id>4a39baa7-04d9-490f-b346-43821f159e94</Id><Name>On Hold Time (Minutes)</Name><ComponentType>2</ComponentType><TypeName>Attribute</TypeName><ParentEntity>Contact</ParentEntity><Action>Remove</Action><Comments><Comment>The Attribute On Hold Time (Minutes) hasn't been added to the solution because it's a new Attribute, or it contains components that won't work in earlier versions of CRM. 
    </Comment></Comments></Component><Component><Id>bbf1111d-d828-43a8-9cf1-b8db34085a33</Id><Name>Last SLA applied</Name><ComponentType>2</ComponentType><TypeName>Attribute</TypeName><ParentEntity>Contact</ParentEntity><Action>Remove</Action><Comments><Comment>The Attribute Last SLA applied hasn't been added to the solution because it's a new Attribute, or it contains components that won't work in earlier versions of CRM. 
    </Comment></Comments></Component></Components>